<?xml version="1.0" encoding="UTF-8"?>
<!-- 
 * 
 * Nombre: Igor Garrido Agudo 
 * Fecha: 07/03/2024 
 * Modulo: Lenguaje de marcas y sistemas de gestión de la información. 
 * UD4
 * Tarea: LMSGI04 Tarea de evaluación 02. XSLT
 * Autoevaluación: https://docs.google.com/document/d/19hxAFfH2XxSQXj7nyAv0WwUW4usx6D4bUv85Euy0O0Y/edit?usp=sharing
 * Publicación internet:
 * 
-->
<?xml-stylesheet href="equipos.xsl" type="text/xsl"?>
<club_voleibol>

    <!-- Información del equipo -->
    <equipo categoria="Primera">
        <nombre>Club VolleyTeam</nombre>
        <entrenador>
            <nombre>Julio Velasco</nombre>
            <url>https://es.wikipedia.org/wiki/Julio_Velasco</url>
        </entrenador>
        
        <jugadores>
            <jugador camiseta="7" titular="si">
                <nombre>Luis García</nombre>
                <posicion>Atacante</posicion>
                <nacionalidad>Argentina</nacionalidad>
            </jugador>
            <jugador camiseta="3" titular="no">
                <nombre>Ana Silva</nombre>
                <posicion>Libero</posicion>
                <nacionalidad>Brasil</nacionalidad>
            </jugador>
            <jugador camiseta="12" titular="si">
                <nombre>Silvia Ramos</nombre>
                <posicion>Libero</posicion>
                <nacionalidad>Chile</nacionalidad>
            </jugador>
        </jugadores>
    </equipo>
    <equipo categoria="Segunda">
        <nombre>Club VolleyTeam</nombre>
        <entrenador>
            <nombre>Arie Selinger</nombre>
            <url>https://es.wikipedia.org/wiki/Arie_Selinger</url>
        </entrenador>
        
        <jugadores>
            <jugador camiseta="7" titular="si">
                <nombre>Luis García</nombre>
                <posicion>Atacante</posicion>
                <nacionalidad>Argentina</nacionalidad>
            </jugador>
            <jugador camiseta="3" titular="no">
                <nombre>Ana Silva</nombre>
                <posicion>Libero</posicion>
                <nacionalidad>Brasil</nacionalidad>
            </jugador>
            <jugador camiseta="12" titular="si">
                <nombre>Silvia Ramos</nombre>
                <posicion>Libero</posicion>
                <nacionalidad>Chile</nacionalidad>
            </jugador>
        </jugadores>
    </equipo>

    <!-- Información del partido: No puede haber 2 elementos diferentes con el nombre "equipo" -->
    <partido>
        <lugar ciudad="Lima">Estadio Nacional</lugar>
        <fecha>2023-08-01</fecha>
        <equipos>
            <local puntuacion="25">Equipo A</local>
            <visitante puntuacion="20">Equipo B</visitante>
        </equipos>
        
        <arbitro categoria="internacional">
            <nombre>Juan Pérez</nombre>
            <nacionalidad>Argentina</nacionalidad>
        </arbitro>
    </partido>
    <partido>
        <lugar ciudad="Lima">Estadio Central</lugar>
        <fecha>2023-04-01</fecha>
        <equipos>
            <local puntuacion="20">Equipo B</local>
            <visitante puntuacion="25">Equipo A</visitante>
        </equipos>
        
        <arbitro categoria="internacional">
            <nombre>Juan Pérez</nombre>
            <nacionalidad>Argentina</nacionalidad>
        </arbitro>
    </partido>
</club_voleibol>